article_id,year,codebook,dimension,code,condition
bashyal_2008_radiation_source_hsi,2008,study_type,primary,User Study,
bashyal_2008_radiation_source_hsi,2008,study_type,secondary,System/Architecture Paper,
bashyal_2008_radiation_source_hsi,2008,study_type,setting,Simulated/Remote (incl. VR),
bashyal_2008_radiation_source_hsi,2008,study_type,measured_constructs,Performance,
bashyal_2008_radiation_source_hsi,2008,study_type,measured_constructs,Other / Not Listed,
bashyal_2008_radiation_source_hsi,2008,summary,template,user_study,
bashyal_2008_radiation_source_hsi,2008,task_environment_v0.9,task_object_spatiotemporal_dynamics,Known Fixed Task Object,Experiment A (familiarization)
bashyal_2008_radiation_source_hsi,2008,task_environment_v0.9,task_object_spatiotemporal_dynamics,Static/Fixed Task Object,Experiment B (user evaluation)
bashyal_2008_radiation_source_hsi,2008,task_environment_v0.9,behavioral_relation_to_task_object,Unclear / Candidate New Code,Experiment A (familiarization)
bashyal_2008_radiation_source_hsi,2008,task_environment_v0.9,behavioral_relation_to_task_object,Search Task,Experiment B (user evaluation)
bashyal_2008_radiation_source_hsi,2008,task_environment_v0.9,team_size,Single-human - Multi-robot,
bashyal_2008_radiation_source_hsi,2008,task_environment_v0.9,team_composition,Homogeneous,robot side
bashyal_2008_radiation_source_hsi,2008,task_environment_v0.9,team_composition,Not Applicable,human side
bashyal_2008_radiation_source_hsi,2008,task_environment_v0.9,interaction_model,One-to-one,
bashyal_2008_radiation_source_hsi,2008,task_environment_v0.9,interaction_directness,Direct,
bashyal_2008_radiation_source_hsi,2008,task_environment_v0.9,interaction_directness,Indirect,
bashyal_2008_radiation_source_hsi,2008,task_environment_v0.9,communication_proximity,Remote,
bashyal_2008_radiation_source_hsi,2008,task_environment_v0.9,coordination_architecture,Distributed Coordination,
bashyal_2008_radiation_source_hsi,2008,task_environment_v0.9,computational_characteristics,Bio-Inspired / Metaheuristic Optimization Control,
bashyal_2008_radiation_source_hsi,2008,task_environment_v0.9,computational_characteristics,Predefined / Rule-Based Control,
bashyal_2008_radiation_source_hsi,2008,task_environment_v0.9,human_involvement_level,Human-on-the-loop,
bashyal_2008_radiation_source_hsi,2008,task_environment_v0.9,level_of_human_control_abstraction,Direct,avatar keypad-driving state
bashyal_2008_radiation_source_hsi,2008,task_environment_v0.9,level_of_human_control_abstraction,Parametric,repel/director mode-setting state
bashyal_2008_radiation_source_hsi,2008,task_environment_v0.9,operational_domain,Land,
burkle_2011_micro_uav_swarm_platform,2011,study_type,primary,System/Architecture Paper,
burkle_2011_micro_uav_swarm_platform,2011,summary,template,abstract_only,
burkle_2011_micro_uav_swarm_platform,2011,task_environment_v0.8,task_object_spatiotemporal_dynamics,Moving Task Object,"described perimeter-security application scenario (Section 2), not an executed/reported experiment"
burkle_2011_micro_uav_swarm_platform,2011,task_environment_v0.8,behavioral_relation_to_task_object,Search Task,described perimeter-security application scenario (Section 2)
burkle_2011_micro_uav_swarm_platform,2011,task_environment_v0.8,behavioral_relation_to_task_object,Pursuit Task,described perimeter-security application scenario (Section 2)
burkle_2011_micro_uav_swarm_platform,2011,task_environment_v0.8,team_size,Multi-human - Multi-robot,
burkle_2011_micro_uav_swarm_platform,2011,task_environment_v0.8,team_composition,Heterogeneous,robot side
burkle_2011_micro_uav_swarm_platform,2011,task_environment_v0.8,team_composition,Heterogeneous,human side
burkle_2011_micro_uav_swarm_platform,2011,task_environment_v0.8,interaction_model,Many-to-many,
burkle_2011_micro_uav_swarm_platform,2011,task_environment_v0.8,interaction_directness,Direct,
burkle_2011_micro_uav_swarm_platform,2011,task_environment_v0.8,communication_proximity,Remote,
burkle_2011_micro_uav_swarm_platform,2011,task_environment_v0.8,coordination_architecture,Hybrid Coordination,
burkle_2011_micro_uav_swarm_platform,2011,task_environment_v0.8,computational_characteristics,Task-Allocation,
burkle_2011_micro_uav_swarm_platform,2011,task_environment_v0.8,computational_characteristics,Not Described,individual-UAV path/motion computation
burkle_2011_micro_uav_swarm_platform,2011,task_environment_v0.8,human_involvement_level,Human-on-the-loop,
burkle_2011_micro_uav_swarm_platform,2011,task_environment_v0.8,level_of_human_control_abstraction,Parametric,autonomous fly-to-position state
burkle_2011_micro_uav_swarm_platform,2011,task_environment_v0.8,level_of_human_control_abstraction,Not Described,manual-override state
burkle_2011_micro_uav_swarm_platform,2011,task_environment_v0.8,operational_domain,Air,
cummings_2008_mauve_controller_capacity,2008,study_type,primary,User Study,
cummings_2008_mauve_controller_capacity,2008,study_type,secondary,Modeling/Theoretical Paper,
cummings_2008_mauve_controller_capacity,2008,study_type,setting,Simulated/Remote (incl. VR),
cummings_2008_mauve_controller_capacity,2008,study_type,measured_constructs,Performance,
cummings_2008_mauve_controller_capacity,2008,study_type,measured_constructs,Workload,
cummings_2008_mauve_controller_capacity,2008,study_type,measured_constructs,Situation Awareness,
cummings_2008_mauve_controller_capacity,2008,summary,template,user_study,
cummings_2008_mauve_controller_capacity,2008,task_environment_v0.9,task_object_spatiotemporal_dynamics,Known Fixed Task Object,mission targets
cummings_2008_mauve_controller_capacity,2008,task_environment_v0.9,task_object_spatiotemporal_dynamics,Distributed Task Object,threat/hazard zones
cummings_2008_mauve_controller_capacity,2008,task_environment_v0.9,task_object_spatiotemporal_dynamics,Moving Task Object,threat/hazard zones
cummings_2008_mauve_controller_capacity,2008,task_environment_v0.9,behavioral_relation_to_task_object,Engagement Task,mission targets
cummings_2008_mauve_controller_capacity,2008,task_environment_v0.9,behavioral_relation_to_task_object,Avoidance Task,threat/hazard zones
cummings_2008_mauve_controller_capacity,2008,task_environment_v0.9,team_size,Single-human - Multi-robot,
cummings_2008_mauve_controller_capacity,2008,task_environment_v0.9,team_composition,Homogeneous,robot side
cummings_2008_mauve_controller_capacity,2008,task_environment_v0.9,team_composition,Not Applicable,human side
cummings_2008_mauve_controller_capacity,2008,task_environment_v0.9,interaction_model,One-to-many,
cummings_2008_mauve_controller_capacity,2008,task_environment_v0.9,interaction_directness,Direct,
cummings_2008_mauve_controller_capacity,2008,task_environment_v0.9,communication_proximity,Remote,
cummings_2008_mauve_controller_capacity,2008,task_environment_v0.9,coordination_architecture,Not Applicable,
cummings_2008_mauve_controller_capacity,2008,task_environment_v0.9,computational_characteristics,Predefined / Rule-Based Control,
cummings_2008_mauve_controller_capacity,2008,task_environment_v0.9,computational_characteristics,Unclear / Candidate New Code,active-LOA decision-support scheduling algorithm
cummings_2008_mauve_controller_capacity,2008,task_environment_v0.9,human_involvement_level,Human-in-the-loop,manual / passive / active LOA
cummings_2008_mauve_controller_capacity,2008,task_environment_v0.9,human_involvement_level,Human-on-the-loop,superactive/MBE LOA
cummings_2008_mauve_controller_capacity,2008,task_environment_v0.9,level_of_human_control_abstraction,Parametric,manual / passive / active LOA
cummings_2008_mauve_controller_capacity,2008,task_environment_v0.9,level_of_human_control_abstraction,Goal-Oriented,superactive/MBE LOA
cummings_2008_mauve_controller_capacity,2008,task_environment_v0.9,operational_domain,Air,
digregorio_2021_gcs_team_sa,2021,study_type,primary,User Study,
digregorio_2021_gcs_team_sa,2021,study_type,secondary,System/Architecture Paper,
digregorio_2021_gcs_team_sa,2021,study_type,setting,Lab,
digregorio_2021_gcs_team_sa,2021,study_type,measured_constructs,Performance,
digregorio_2021_gcs_team_sa,2021,study_type,measured_constructs,Situation Awareness,
digregorio_2021_gcs_team_sa,2021,study_type,measured_constructs,Other / Not Listed,
digregorio_2021_gcs_team_sa,2021,summary,template,user_study,
digregorio_2021_gcs_team_sa,2021,task_environment_v0.8,task_object_spatiotemporal_dynamics,Not Described,general surveillance targets
digregorio_2021_gcs_team_sa,2021,task_environment_v0.8,task_object_spatiotemporal_dynamics,Not Applicable,battery-failure event
digregorio_2021_gcs_team_sa,2021,task_environment_v0.8,behavioral_relation_to_task_object,Monitoring/Maintenance Task,battery-event response
digregorio_2021_gcs_team_sa,2021,task_environment_v0.8,team_size,Multi-human - Multi-robot,
digregorio_2021_gcs_team_sa,2021,task_environment_v0.8,team_composition,Homogeneous,robot side
digregorio_2021_gcs_team_sa,2021,task_environment_v0.8,team_composition,Heterogeneous,human side
digregorio_2021_gcs_team_sa,2021,task_environment_v0.8,interaction_model,One-to-many,
digregorio_2021_gcs_team_sa,2021,task_environment_v0.8,interaction_model,Many-to-many,
digregorio_2021_gcs_team_sa,2021,task_environment_v0.8,interaction_directness,Direct,
digregorio_2021_gcs_team_sa,2021,task_environment_v0.8,communication_proximity,Proximate,human-human channel
digregorio_2021_gcs_team_sa,2021,task_environment_v0.8,communication_proximity,Remote,human-drone channel
digregorio_2021_gcs_team_sa,2021,task_environment_v0.8,coordination_architecture,Not Described,
digregorio_2021_gcs_team_sa,2021,task_environment_v0.8,computational_characteristics,Predefined / Rule-Based Control,auto-return-home behavior
digregorio_2021_gcs_team_sa,2021,task_environment_v0.8,computational_characteristics,Not Described,target-sequencing/path computation
digregorio_2021_gcs_team_sa,2021,task_environment_v0.8,human_involvement_level,Human-on-the-loop,normal navigation function
digregorio_2021_gcs_team_sa,2021,task_environment_v0.8,human_involvement_level,Human-in-the-loop,discretionary recall/landing decision (30% battery notice)
digregorio_2021_gcs_team_sa,2021,task_environment_v0.8,human_involvement_level,Human-on-the-loop,critical-battery auto-RTH function
digregorio_2021_gcs_team_sa,2021,task_environment_v0.8,level_of_human_control_abstraction,Goal-Oriented,
digregorio_2021_gcs_team_sa,2021,task_environment_v0.8,operational_domain,Air,
divband_soorati_2021_user_centered_interface,2021,study_type,primary,User Study,
divband_soorati_2021_user_centered_interface,2021,study_type,secondary,System/Architecture Paper,
divband_soorati_2021_user_centered_interface,2021,study_type,setting,Simulated/Remote (incl. VR),
divband_soorati_2021_user_centered_interface,2021,study_type,measured_constructs,Performance,
divband_soorati_2021_user_centered_interface,2021,study_type,measured_constructs,Other / Not Listed,
divband_soorati_2021_user_centered_interface,2021,study_type,modality_flags,Human-Swarm Teaming,
divband_soorati_2021_user_centered_interface,2021,summary,template,user_study,
divband_soorati_2021_user_centered_interface,2021,task_environment_v0.8,task_object_spatiotemporal_dynamics,Moving Task Object,Experiment II and Experiment IV
divband_soorati_2021_user_centered_interface,2021,task_environment_v0.8,task_object_spatiotemporal_dynamics,Distributed Task Object,"Experiment III, multi-barrier test"
divband_soorati_2021_user_centered_interface,2021,task_environment_v0.8,task_object_spatiotemporal_dynamics,Static/Fixed Task Object,Experiment I
divband_soorati_2021_user_centered_interface,2021,task_environment_v0.8,task_object_spatiotemporal_dynamics,Not Applicable,Section 2 visualization-preference study
divband_soorati_2021_user_centered_interface,2021,task_environment_v0.8,behavioral_relation_to_task_object,Avoidance Task,no-fly zone / barrier avoidance
divband_soorati_2021_user_centered_interface,2021,task_environment_v0.8,behavioral_relation_to_task_object,Search Task,disaster localization/mapping
divband_soorati_2021_user_centered_interface,2021,task_environment_v0.8,team_size,Single-human - Multi-robot,Experiments I-IV
divband_soorati_2021_user_centered_interface,2021,task_environment_v0.8,team_size,Not Applicable,Section 2 visualization-preference study
divband_soorati_2021_user_centered_interface,2021,task_environment_v0.8,team_composition,Homogeneous,"robot side, Experiments I-IV"
divband_soorati_2021_user_centered_interface,2021,task_environment_v0.8,interaction_model,One-to-one,
divband_soorati_2021_user_centered_interface,2021,task_environment_v0.8,interaction_directness,Direct,
divband_soorati_2021_user_centered_interface,2021,task_environment_v0.8,interaction_directness,Indirect,
divband_soorati_2021_user_centered_interface,2021,task_environment_v0.8,communication_proximity,Remote,
divband_soorati_2021_user_centered_interface,2021,task_environment_v0.8,coordination_architecture,Distributed Coordination,
divband_soorati_2021_user_centered_interface,2021,task_environment_v0.8,computational_characteristics,Classical Geometric / Sampling-Based Control,
divband_soorati_2021_user_centered_interface,2021,task_environment_v0.8,human_involvement_level,Human-on-the-loop,
divband_soorati_2021_user_centered_interface,2021,task_environment_v0.8,level_of_human_control_abstraction,Goal-Oriented,"Experiment III/IV, both Task I and Task II"
divband_soorati_2021_user_centered_interface,2021,task_environment_v0.8,operational_domain,Air,
donmez_2010_des_workload_uv,2010,study_type,primary,User Study,
donmez_2010_des_workload_uv,2010,study_type,secondary,Modeling/Theoretical Paper,
donmez_2010_des_workload_uv,2010,study_type,setting,Simulated/Remote (incl. VR),
donmez_2010_des_workload_uv,2010,study_type,measured_constructs,Performance,
donmez_2010_des_workload_uv,2010,study_type,measured_constructs,Workload,
donmez_2010_des_workload_uv,2010,summary,template,user_study,
donmez_2010_des_workload_uv,2010,task_environment_v0.8,task_object_spatiotemporal_dynamics,Distributed Task Object,areas of interest / targets
donmez_2010_des_workload_uv,2010,task_environment_v0.8,task_object_spatiotemporal_dynamics,Distributed Task Object,threat areas
donmez_2010_des_workload_uv,2010,task_environment_v0.8,behavioral_relation_to_task_object,Avoidance Task,threat areas
donmez_2010_des_workload_uv,2010,task_environment_v0.8,behavioral_relation_to_task_object,Search Task,target search/identification
donmez_2010_des_workload_uv,2010,task_environment_v0.8,team_size,Single-human - Multi-robot,
donmez_2010_des_workload_uv,2010,task_environment_v0.8,team_composition,Homogeneous,"robot side, no-heterogeneity condition"
donmez_2010_des_workload_uv,2010,task_environment_v0.8,team_composition,Heterogeneous,"robot side, medium- and high-heterogeneity conditions"
donmez_2010_des_workload_uv,2010,task_environment_v0.8,interaction_model,One-to-one,
donmez_2010_des_workload_uv,2010,task_environment_v0.8,interaction_directness,Direct,
donmez_2010_des_workload_uv,2010,task_environment_v0.8,communication_proximity,Remote,
donmez_2010_des_workload_uv,2010,task_environment_v0.8,coordination_architecture,Strongly Centralized Coordination,
donmez_2010_des_workload_uv,2010,task_environment_v0.8,computational_characteristics,Task-Allocation,
donmez_2010_des_workload_uv,2010,task_environment_v0.8,computational_characteristics,Not Described,
donmez_2010_des_workload_uv,2010,task_environment_v0.8,human_involvement_level,Human-on-the-loop,navigation/re-tasking function
donmez_2010_des_workload_uv,2010,task_environment_v0.8,human_involvement_level,Human-in-the-loop,target search/identification function
donmez_2010_des_workload_uv,2010,task_environment_v0.8,level_of_human_control_abstraction,Goal-Oriented,waypoint/AOI assignment state
donmez_2010_des_workload_uv,2010,task_environment_v0.8,level_of_human_control_abstraction,Direct,camera pan/zoom search state
donmez_2010_des_workload_uv,2010,task_environment_v0.8,operational_domain,Cross-Domain,
fern_2018_momu_playbook,2018,study_type,primary,User Study,
fern_2018_momu_playbook,2018,study_type,setting,Lab,
fern_2018_momu_playbook,2018,study_type,measured_constructs,Performance,
fern_2018_momu_playbook,2018,study_type,measured_constructs,Workload,
fern_2018_momu_playbook,2018,summary,template,user_study,
fern_2018_momu_playbook,2018,task_environment_v0.8,task_object_spatiotemporal_dynamics,Distributed Task Object,
fern_2018_momu_playbook,2018,task_environment_v0.8,task_object_spatiotemporal_dynamics,Moving Task Object,
fern_2018_momu_playbook,2018,task_environment_v0.8,behavioral_relation_to_task_object,Search Task,marking civilians
fern_2018_momu_playbook,2018,task_environment_v0.8,behavioral_relation_to_task_object,Pursuit Task,tracking military targets
fern_2018_momu_playbook,2018,task_environment_v0.8,behavioral_relation_to_task_object,Engagement Task,prosecuting HVTs
fern_2018_momu_playbook,2018,task_environment_v0.8,team_size,Multi-human - Multi-robot,
fern_2018_momu_playbook,2018,task_environment_v0.8,team_composition,Homogeneous,robot side
fern_2018_momu_playbook,2018,task_environment_v0.8,team_composition,Homogeneous,human side
fern_2018_momu_playbook,2018,task_environment_v0.8,interaction_model,One-to-one,Manual/Tools modes
fern_2018_momu_playbook,2018,task_environment_v0.8,interaction_model,One-to-many,Playbook mode
fern_2018_momu_playbook,2018,task_environment_v0.8,interaction_directness,Direct,
fern_2018_momu_playbook,2018,task_environment_v0.8,communication_proximity,Remote,operator-UAV channel
fern_2018_momu_playbook,2018,task_environment_v0.8,communication_proximity,Not Described,operator-operator channel
fern_2018_momu_playbook,2018,task_environment_v0.8,coordination_architecture,Not Applicable,
fern_2018_momu_playbook,2018,task_environment_v0.8,computational_characteristics,Task-Allocation,
fern_2018_momu_playbook,2018,task_environment_v0.8,computational_characteristics,Classical Geometric / Sampling-Based Control,autotrack
fern_2018_momu_playbook,2018,task_environment_v0.8,computational_characteristics,Not Described,Route Recon play
fern_2018_momu_playbook,2018,task_environment_v0.8,human_involvement_level,Human-in-the-loop,manual flight/sensor control
fern_2018_momu_playbook,2018,task_environment_v0.8,human_involvement_level,Human-on-the-loop,Playbook plays and autotrack
fern_2018_momu_playbook,2018,task_environment_v0.8,level_of_human_control_abstraction,Direct,manual sensor control state
fern_2018_momu_playbook,2018,task_environment_v0.8,level_of_human_control_abstraction,Goal-Oriented,waypoint assignment / play-calling state
fern_2018_momu_playbook,2018,task_environment_v0.8,operational_domain,Air,
fortmann_2013_supervisory_guide_uav_swarm,2013,study_type,primary,User Study,
fortmann_2013_supervisory_guide_uav_swarm,2013,study_type,secondary,System/Architecture Paper,
fortmann_2013_supervisory_guide_uav_swarm,2013,study_type,setting,Simulated/Remote (incl. VR),
fortmann_2013_supervisory_guide_uav_swarm,2013,study_type,measured_constructs,Situation Awareness,
fortmann_2013_supervisory_guide_uav_swarm,2013,study_type,measured_constructs,Workload,
fortmann_2013_supervisory_guide_uav_swarm,2013,summary,template,user_study,
fortmann_2013_supervisory_guide_uav_swarm,2013,task_environment_v0.8,task_object_spatiotemporal_dynamics,Not Applicable,UAV malfunction events
fortmann_2013_supervisory_guide_uav_swarm,2013,task_environment_v0.8,task_object_spatiotemporal_dynamics,Moving Task Object,airspace intruders
fortmann_2013_supervisory_guide_uav_swarm,2013,task_environment_v0.8,behavioral_relation_to_task_object,Monitoring/Maintenance Task,UAV malfunction events
fortmann_2013_supervisory_guide_uav_swarm,2013,task_environment_v0.8,behavioral_relation_to_task_object,Unclear / Candidate New Code,airspace intruders
fortmann_2013_supervisory_guide_uav_swarm,2013,task_environment_v0.8,team_size,Single-human - Multi-robot,
fortmann_2013_supervisory_guide_uav_swarm,2013,task_environment_v0.8,team_composition,Homogeneous,robot side
fortmann_2013_supervisory_guide_uav_swarm,2013,task_environment_v0.8,team_composition,Not Applicable,human side
fortmann_2013_supervisory_guide_uav_swarm,2013,task_environment_v0.8,interaction_model,One-to-many,
fortmann_2013_supervisory_guide_uav_swarm,2013,task_environment_v0.8,interaction_directness,Direct,
fortmann_2013_supervisory_guide_uav_swarm,2013,task_environment_v0.8,communication_proximity,Remote,
fortmann_2013_supervisory_guide_uav_swarm,2013,task_environment_v0.8,coordination_architecture,Not Described,
fortmann_2013_supervisory_guide_uav_swarm,2013,task_environment_v0.8,computational_characteristics,Not Described,
fortmann_2013_supervisory_guide_uav_swarm,2013,task_environment_v0.8,computational_characteristics,Unclear / Candidate New Code,Supervisory Guide's own SA-gap-detection/guidance mechanism
fortmann_2013_supervisory_guide_uav_swarm,2013,task_environment_v0.8,human_involvement_level,Human-on-the-loop,autonomous UAV fire-fighting/task-selection function
fortmann_2013_supervisory_guide_uav_swarm,2013,task_environment_v0.8,human_involvement_level,Human-in-the-loop,malfunction and intruder handling
fortmann_2013_supervisory_guide_uav_swarm,2013,task_environment_v0.8,level_of_human_control_abstraction,Goal-Oriented,
fortmann_2013_supervisory_guide_uav_swarm,2013,task_environment_v0.8,operational_domain,Air,
frische_2013_sa_tracer_uav_swarm,2013,study_type,primary,User Study,
frische_2013_sa_tracer_uav_swarm,2013,study_type,secondary,System/Architecture Paper,
frische_2013_sa_tracer_uav_swarm,2013,study_type,setting,Simulated/Remote (incl. VR),
frische_2013_sa_tracer_uav_swarm,2013,study_type,measured_constructs,Performance,
frische_2013_sa_tracer_uav_swarm,2013,study_type,measured_constructs,Situation Awareness,
frische_2013_sa_tracer_uav_swarm,2013,summary,template,user_study,
frische_2013_sa_tracer_uav_swarm,2013,task_environment_v0.8,task_object_spatiotemporal_dynamics,Not Applicable,
frische_2013_sa_tracer_uav_swarm,2013,task_environment_v0.8,behavioral_relation_to_task_object,Monitoring/Maintenance Task,
frische_2013_sa_tracer_uav_swarm,2013,task_environment_v0.8,team_size,Single-human - Multi-robot,
frische_2013_sa_tracer_uav_swarm,2013,task_environment_v0.8,team_composition,Homogeneous,robot side
frische_2013_sa_tracer_uav_swarm,2013,task_environment_v0.8,team_composition,Not Applicable,human side
frische_2013_sa_tracer_uav_swarm,2013,task_environment_v0.8,interaction_model,One-to-many,
frische_2013_sa_tracer_uav_swarm,2013,task_environment_v0.8,interaction_directness,Direct,
frische_2013_sa_tracer_uav_swarm,2013,task_environment_v0.8,communication_proximity,Remote,
frische_2013_sa_tracer_uav_swarm,2013,task_environment_v0.8,coordination_architecture,Not Described,
frische_2013_sa_tracer_uav_swarm,2013,task_environment_v0.8,computational_characteristics,Not Described,UAV task/goal selection and motion
frische_2013_sa_tracer_uav_swarm,2013,task_environment_v0.8,computational_characteristics,Unclear / Candidate New Code,SA-Tracer's own SA-inference mechanism
frische_2013_sa_tracer_uav_swarm,2013,task_environment_v0.8,human_involvement_level,Human-on-the-loop,autonomous fire-fighting mission execution
frische_2013_sa_tracer_uav_swarm,2013,task_environment_v0.8,human_involvement_level,Human-in-the-loop,malfunction resolution
frische_2013_sa_tracer_uav_swarm,2013,task_environment_v0.8,level_of_human_control_abstraction,Goal-Oriented,
frische_2013_sa_tracer_uav_swarm,2013,task_environment_v0.8,operational_domain,Air,
gale_2018_playbook_casas,2018,study_type,primary,User Study,
gale_2018_playbook_casas,2018,study_type,secondary,System/Architecture Paper,
gale_2018_playbook_casas,2018,study_type,setting,Simulated/Remote (incl. VR),
gale_2018_playbook_casas,2018,study_type,measured_constructs,Other / Not Listed,
gale_2018_playbook_casas,2018,summary,template,user_study,
gale_2018_playbook_casas,2018,task_environment_v0.8,task_object_spatiotemporal_dynamics,Distributed Task Object,search and recover mission
gale_2018_playbook_casas,2018,task_environment_v0.8,task_object_spatiotemporal_dynamics,Spreading Task Object,wildfire-driven TFR volumes
gale_2018_playbook_casas,2018,task_environment_v0.8,behavioral_relation_to_task_object,Avoidance Task,TFR avoidance
gale_2018_playbook_casas,2018,task_environment_v0.8,behavioral_relation_to_task_object,Search Task,survivor search
gale_2018_playbook_casas,2018,task_environment_v0.8,team_size,Single-human - Multi-robot,
gale_2018_playbook_casas,2018,task_environment_v0.8,team_composition,Not Described,robot side
gale_2018_playbook_casas,2018,task_environment_v0.8,interaction_model,One-to-many,
gale_2018_playbook_casas,2018,task_environment_v0.8,interaction_directness,Direct,
gale_2018_playbook_casas,2018,task_environment_v0.8,communication_proximity,Remote,
gale_2018_playbook_casas,2018,task_environment_v0.8,coordination_architecture,Not Described,
gale_2018_playbook_casas,2018,task_environment_v0.8,computational_characteristics,Task-Allocation,
gale_2018_playbook_casas,2018,task_environment_v0.8,computational_characteristics,Not Described,auto-resolver trajectory computation
gale_2018_playbook_casas,2018,task_environment_v0.8,human_involvement_level,Human-in-the-loop,goal specification function
gale_2018_playbook_casas,2018,task_environment_v0.8,human_involvement_level,Human-in-the-loop,reroute/trajectory-selection function
gale_2018_playbook_casas,2018,task_environment_v0.8,human_involvement_level,Human-on-the-loop,standard waypoint execution function
gale_2018_playbook_casas,2018,task_environment_v0.8,level_of_human_control_abstraction,Goal-Oriented,
gale_2018_playbook_casas,2018,task_environment_v0.8,operational_domain,Air,
hughes_2012_muscit_multi_uav,2012,study_type,primary,User Study,
hughes_2012_muscit_multi_uav,2012,study_type,secondary,System/Architecture Paper,
hughes_2012_muscit_multi_uav,2012,study_type,setting,Lab,
hughes_2012_muscit_multi_uav,2012,study_type,measured_constructs,Performance,
hughes_2012_muscit_multi_uav,2012,study_type,measured_constructs,Workload,
hughes_2012_muscit_multi_uav,2012,study_type,measured_constructs,Situation Awareness,
hughes_2012_muscit_multi_uav,2012,summary,template,user_study,
hughes_2012_muscit_multi_uav,2012,task_environment_v0.8,task_object_spatiotemporal_dynamics,Moving Task Object,HVT and squirter tracking
hughes_2012_muscit_multi_uav,2012,task_environment_v0.8,task_object_spatiotemporal_dynamics,Distributed Task Object,overwatch/forced-distractor/IED events
hughes_2012_muscit_multi_uav,2012,task_environment_v0.8,behavioral_relation_to_task_object,Search Task,overwatch/forced-distractor/IED search behaviors
hughes_2012_muscit_multi_uav,2012,task_environment_v0.8,behavioral_relation_to_task_object,Pursuit Task,HVT and squirter tracking
hughes_2012_muscit_multi_uav,2012,task_environment_v0.8,team_size,Single-human - Multi-robot,1-operator conditions
hughes_2012_muscit_multi_uav,2012,task_environment_v0.8,team_size,Multi-human - Multi-robot,2-operator conditions
hughes_2012_muscit_multi_uav,2012,task_environment_v0.8,team_composition,Homogeneous,robot side
hughes_2012_muscit_multi_uav,2012,task_environment_v0.8,team_composition,Homogeneous,"human side, 2-operator conditions"
hughes_2012_muscit_multi_uav,2012,task_environment_v0.8,interaction_model,One-to-one,
hughes_2012_muscit_multi_uav,2012,task_environment_v0.8,interaction_model,Many-to-many,"2-operator, 4-UAV conditions"
hughes_2012_muscit_multi_uav,2012,task_environment_v0.8,interaction_directness,Direct,
hughes_2012_muscit_multi_uav,2012,task_environment_v0.8,communication_proximity,Remote,operator-vehicle channel
hughes_2012_muscit_multi_uav,2012,task_environment_v0.8,communication_proximity,Proximate,"operator-operator channel, 2-operator conditions"
hughes_2012_muscit_multi_uav,2012,task_environment_v0.8,coordination_architecture,Not Applicable,
hughes_2012_muscit_multi_uav,2012,task_environment_v0.8,computational_characteristics,Predefined / Rule-Based Control,Sensor Slaved coupling
hughes_2012_muscit_multi_uav,2012,task_environment_v0.8,computational_characteristics,Classical Geometric / Sampling-Based Control,auto-tracker
hughes_2012_muscit_multi_uav,2012,task_environment_v0.8,human_involvement_level,Human-in-the-loop,manual steering
hughes_2012_muscit_multi_uav,2012,task_environment_v0.8,human_involvement_level,Human-on-the-loop,Sensor Slaved mode and auto-tracker
hughes_2012_muscit_multi_uav,2012,task_environment_v0.8,level_of_human_control_abstraction,Direct,manual steering state
hughes_2012_muscit_multi_uav,2012,task_environment_v0.8,level_of_human_control_abstraction,Goal-Oriented,auto-tracker engagement state
hughes_2012_muscit_multi_uav,2012,task_environment_v0.8,operational_domain,Air,
jia_2026_multi_uav_sa_llm,2026,study_type,primary,User Study,
jia_2026_multi_uav_sa_llm,2026,study_type,setting,Simulated/Remote (incl. VR),
jia_2026_multi_uav_sa_llm,2026,study_type,measured_constructs,Situation Awareness,
jia_2026_multi_uav_sa_llm,2026,study_type,measured_constructs,Workload,
jia_2026_multi_uav_sa_llm,2026,summary,template,user_study,
jia_2026_multi_uav_sa_llm,2026,task_environment_v0.8,task_object_spatiotemporal_dynamics,Distributed Task Object,
jia_2026_multi_uav_sa_llm,2026,task_environment_v0.8,task_object_spatiotemporal_dynamics,Moving Task Object,hiker and vehicle targets
jia_2026_multi_uav_sa_llm,2026,task_environment_v0.8,behavioral_relation_to_task_object,Search Task,
jia_2026_multi_uav_sa_llm,2026,task_environment_v0.8,team_size,Single-human - Multi-robot,
jia_2026_multi_uav_sa_llm,2026,task_environment_v0.8,team_composition,Homogeneous,robot side
jia_2026_multi_uav_sa_llm,2026,task_environment_v0.8,interaction_model,One-to-many,
jia_2026_multi_uav_sa_llm,2026,task_environment_v0.8,interaction_directness,Direct,
jia_2026_multi_uav_sa_llm,2026,task_environment_v0.8,communication_proximity,Remote,
jia_2026_multi_uav_sa_llm,2026,task_environment_v0.8,coordination_architecture,Not Applicable,
jia_2026_multi_uav_sa_llm,2026,task_environment_v0.8,computational_characteristics,Predefined / Rule-Based Control,
jia_2026_multi_uav_sa_llm,2026,task_environment_v0.8,human_involvement_level,Human-on-the-loop,flight/detection function
jia_2026_multi_uav_sa_llm,2026,task_environment_v0.8,human_involvement_level,Human-in-the-loop,annotation/interpretation function
jia_2026_multi_uav_sa_llm,2026,task_environment_v0.8,level_of_human_control_abstraction,Goal-Oriented,target selection/annotation state
jia_2026_multi_uav_sa_llm,2026,task_environment_v0.8,level_of_human_control_abstraction,Direct,camera/viewpoint navigation state
jia_2026_multi_uav_sa_llm,2026,task_environment_v0.8,operational_domain,Air,
jo_2025_awac_mhmr_teams,2025,study_type,primary,User Study,
jo_2025_awac_mhmr_teams,2025,study_type,secondary,System/Architecture Paper,
jo_2025_awac_mhmr_teams,2025,study_type,setting,Lab,
jo_2025_awac_mhmr_teams,2025,study_type,measured_constructs,Performance,
jo_2025_awac_mhmr_teams,2025,study_type,measured_constructs,Workload,
jo_2025_awac_mhmr_teams,2025,study_type,measured_constructs,Other / Not Listed,
jo_2025_awac_mhmr_teams,2025,summary,template,user_study,
jo_2025_awac_mhmr_teams,2025,task_environment_v0.8,task_object_spatiotemporal_dynamics,Distributed Task Object,
jo_2025_awac_mhmr_teams,2025,task_environment_v0.8,behavioral_relation_to_task_object,Search Task,
jo_2025_awac_mhmr_teams,2025,task_environment_v0.8,team_size,Multi-human - Multi-robot,
jo_2025_awac_mhmr_teams,2025,task_environment_v0.8,team_composition,Homogeneous,robot side
jo_2025_awac_mhmr_teams,2025,task_environment_v0.8,team_composition,Homogeneous,human side
jo_2025_awac_mhmr_teams,2025,task_environment_v0.8,interaction_model,One-to-many,
jo_2025_awac_mhmr_teams,2025,task_environment_v0.8,interaction_model,Many-to-many,
jo_2025_awac_mhmr_teams,2025,task_environment_v0.8,interaction_directness,Direct,
jo_2025_awac_mhmr_teams,2025,task_environment_v0.8,communication_proximity,Remote,
jo_2025_awac_mhmr_teams,2025,task_environment_v0.8,coordination_architecture,Not Described,
jo_2025_awac_mhmr_teams,2025,task_environment_v0.8,computational_characteristics,Classical Geometric / Sampling-Based Control,
jo_2025_awac_mhmr_teams,2025,task_environment_v0.8,human_involvement_level,Human-on-the-loop,robot patrol/navigation function
jo_2025_awac_mhmr_teams,2025,task_environment_v0.8,human_involvement_level,Human-in-the-loop,AWAC workload-reallocation function
jo_2025_awac_mhmr_teams,2025,task_environment_v0.8,level_of_human_control_abstraction,Not Applicable,
jo_2025_awac_mhmr_teams,2025,task_environment_v0.8,operational_domain,Land,
kerman_2012_stakeholder_swarm_leadership,2012,study_type,primary,Algorithm/Controller Evaluation (Simulation-Only),
kerman_2012_stakeholder_swarm_leadership,2012,study_type,secondary,Modeling/Theoretical Paper,
kerman_2012_stakeholder_swarm_leadership,2012,summary,template,abstract_only,
kerman_2012_stakeholder_swarm_leadership,2012,task_environment_v0.8,task_object_spatiotemporal_dynamics,Not Applicable,
kerman_2012_stakeholder_swarm_leadership,2012,task_environment_v0.8,behavioral_relation_to_task_object,Not Applicable,
kerman_2012_stakeholder_swarm_leadership,2012,task_environment_v0.8,team_size,Single-human - Multi-robot,
kerman_2012_stakeholder_swarm_leadership,2012,task_environment_v0.8,team_composition,Homogeneous,robot side
kerman_2012_stakeholder_swarm_leadership,2012,task_environment_v0.8,team_composition,Not Applicable,human side
kerman_2012_stakeholder_swarm_leadership,2012,task_environment_v0.8,interaction_model,One-to-many,
kerman_2012_stakeholder_swarm_leadership,2012,task_environment_v0.8,interaction_directness,Direct,operator-to-stakeholder broadcast
kerman_2012_stakeholder_swarm_leadership,2012,task_environment_v0.8,interaction_directness,Indirect,stakeholder-to-rest-of-swarm propagation
kerman_2012_stakeholder_swarm_leadership,2012,task_environment_v0.8,communication_proximity,Remote,
kerman_2012_stakeholder_swarm_leadership,2012,task_environment_v0.8,coordination_architecture,Distributed Coordination,
kerman_2012_stakeholder_swarm_leadership,2012,task_environment_v0.8,computational_characteristics,Classical Geometric / Sampling-Based Control,
kerman_2012_stakeholder_swarm_leadership,2012,task_environment_v0.8,human_involvement_level,Human-on-the-loop,baseline self-organization
kerman_2012_stakeholder_swarm_leadership,2012,task_environment_v0.8,human_involvement_level,Human-in-the-loop,attractor-switching and path-following via stakeholders
kerman_2012_stakeholder_swarm_leadership,2012,task_environment_v0.8,level_of_human_control_abstraction,Parametric,attractor-switching (fixed reference)
kerman_2012_stakeholder_swarm_leadership,2012,task_environment_v0.8,level_of_human_control_abstraction,Augmented,path-following (time-varying reference)
kerman_2012_stakeholder_swarm_leadership,2012,task_environment_v0.8,operational_domain,Not Described,
kira_2009_human_control_decentralized_swarms,2009,study_type,primary,Algorithm/Controller Evaluation (Simulation-Only),
kira_2009_human_control_decentralized_swarms,2009,study_type,secondary,Physical Robot Demonstration / Proof-of-Concept,
kira_2009_human_control_decentralized_swarms,2009,summary,template,abstract_only,
kira_2009_human_control_decentralized_swarms,2009,task_environment_v0.8,task_object_spatiotemporal_dynamics,Moving Task Object,
kira_2009_human_control_decentralized_swarms,2009,task_environment_v0.8,behavioral_relation_to_task_object,Defend/Block Task,
kira_2009_human_control_decentralized_swarms,2009,task_environment_v0.8,behavioral_relation_to_task_object,Pursuit Task,
kira_2009_human_control_decentralized_swarms,2009,task_environment_v0.8,behavioral_relation_to_task_object,Engagement Task,
kira_2009_human_control_decentralized_swarms,2009,task_environment_v0.8,team_size,Single-human - Multi-robot,
kira_2009_human_control_decentralized_swarms,2009,task_environment_v0.8,team_composition,Homogeneous,robot side
kira_2009_human_control_decentralized_swarms,2009,task_environment_v0.8,team_composition,Not Applicable,human side
kira_2009_human_control_decentralized_swarms,2009,task_environment_v0.8,interaction_model,One-to-many,
kira_2009_human_control_decentralized_swarms,2009,task_environment_v0.8,interaction_directness,Indirect,
kira_2009_human_control_decentralized_swarms,2009,task_environment_v0.8,communication_proximity,Remote,
kira_2009_human_control_decentralized_swarms,2009,task_environment_v0.8,coordination_architecture,Distributed Coordination,
kira_2009_human_control_decentralized_swarms,2009,task_environment_v0.8,computational_characteristics,Classical Geometric / Sampling-Based Control,base robot motion generation
kira_2009_human_control_decentralized_swarms,2009,task_environment_v0.8,computational_characteristics,Bio-Inspired / Metaheuristic Optimization Control,SPLIT virtual-particle parameter design
kira_2009_human_control_decentralized_swarms,2009,task_environment_v0.8,computational_characteristics,Learning-Based Control,top-down global-characteristic control
kira_2009_human_control_decentralized_swarms,2009,task_environment_v0.8,human_involvement_level,Human-on-the-loop,
kira_2009_human_control_decentralized_swarms,2009,task_environment_v0.8,level_of_human_control_abstraction,Goal-Oriented,
kira_2009_human_control_decentralized_swarms,2009,task_environment_v0.8,operational_domain,Land,
leijonhufvud_2026_mhc_drone_swarms,2026,study_type,primary,User Study,
leijonhufvud_2026_mhc_drone_swarms,2026,study_type,secondary,Framework/Taxonomy Paper,
leijonhufvud_2026_mhc_drone_swarms,2026,study_type,setting,Simulated/Remote (incl. VR),
leijonhufvud_2026_mhc_drone_swarms,2026,study_type,measured_constructs,Performance,
leijonhufvud_2026_mhc_drone_swarms,2026,study_type,measured_constructs,Situation Awareness,
leijonhufvud_2026_mhc_drone_swarms,2026,study_type,measured_constructs,Other / Not Listed,
leijonhufvud_2026_mhc_drone_swarms,2026,summary,template,user_study,
leijonhufvud_2026_mhc_drone_swarms,2026,task_environment_v0.8,task_object_spatiotemporal_dynamics,Distributed Task Object,
leijonhufvud_2026_mhc_drone_swarms,2026,task_environment_v0.8,task_object_spatiotemporal_dynamics,Moving Task Object,
leijonhufvud_2026_mhc_drone_swarms,2026,task_environment_v0.8,behavioral_relation_to_task_object,Search Task,
leijonhufvud_2026_mhc_drone_swarms,2026,task_environment_v0.8,behavioral_relation_to_task_object,Pursuit Task,
leijonhufvud_2026_mhc_drone_swarms,2026,task_environment_v0.8,behavioral_relation_to_task_object,Unclear / Candidate New Code,confirmed-incident reporting
leijonhufvud_2026_mhc_drone_swarms,2026,task_environment_v0.8,team_size,Single-human - Multi-robot,
leijonhufvud_2026_mhc_drone_swarms,2026,task_environment_v0.8,team_composition,Homogeneous,robot side
leijonhufvud_2026_mhc_drone_swarms,2026,task_environment_v0.8,team_composition,Not Applicable,human side
leijonhufvud_2026_mhc_drone_swarms,2026,task_environment_v0.8,interaction_model,One-to-many,zone/play/tracking-policy control
leijonhufvud_2026_mhc_drone_swarms,2026,task_environment_v0.8,interaction_model,One-to-one,camera-feed access
leijonhufvud_2026_mhc_drone_swarms,2026,task_environment_v0.8,interaction_directness,Direct,
leijonhufvud_2026_mhc_drone_swarms,2026,task_environment_v0.8,communication_proximity,Remote,
leijonhufvud_2026_mhc_drone_swarms,2026,task_environment_v0.8,coordination_architecture,Distributed Coordination,PSO search algorithm
leijonhufvud_2026_mhc_drone_swarms,2026,task_environment_v0.8,coordination_architecture,Strongly Centralized Coordination,Snake search algorithm
leijonhufvud_2026_mhc_drone_swarms,2026,task_environment_v0.8,computational_characteristics,Bio-Inspired / Metaheuristic Optimization Control,PSO search algorithm
leijonhufvud_2026_mhc_drone_swarms,2026,task_environment_v0.8,computational_characteristics,Classical Geometric / Sampling-Based Control,Snake search algorithm
leijonhufvud_2026_mhc_drone_swarms,2026,task_environment_v0.8,computational_characteristics,Task-Allocation,tracking-policy-driven drone assignment
leijonhufvud_2026_mhc_drone_swarms,2026,task_environment_v0.8,human_involvement_level,Human-on-the-loop,autonomous search/patrol/launch-recovery function
leijonhufvud_2026_mhc_drone_swarms,2026,task_environment_v0.8,human_involvement_level,Human-in-the-loop,"threat judgment, alert handling, and reporting"
leijonhufvud_2026_mhc_drone_swarms,2026,task_environment_v0.8,level_of_human_control_abstraction,Parametric,
leijonhufvud_2026_mhc_drone_swarms,2026,task_environment_v0.8,operational_domain,Air,
lewis_2013_multi_uv_hri_review,2013,study_type,primary,Meta-Review / Survey,
lewis_2013_multi_uv_hri_review,2013,study_type,secondary,Framework/Taxonomy Paper,
lewis_2013_multi_uv_hri_review,2013,summary,template,abstract_only,
lewis_2013_multi_uv_hri_review,2013,task_environment_v0.8,task_object_spatiotemporal_dynamics,Not Applicable,
lewis_2013_multi_uv_hri_review,2013,task_environment_v0.8,behavioral_relation_to_task_object,Search Task,aggregate across reviewed foraging/search-and-rescue studies
lewis_2013_multi_uv_hri_review,2013,task_environment_v0.8,team_size,Single-human - Multi-robot,
lewis_2013_multi_uv_hri_review,2013,task_environment_v0.8,team_composition,Homogeneous,"aggregate, majority of reviewed O(n) and O(1) swarm studies"
lewis_2013_multi_uv_hri_review,2013,task_environment_v0.8,team_composition,Heterogeneous,"aggregate, systems supporting mixed vehicle types"
lewis_2013_multi_uv_hri_review,2013,task_environment_v0.8,interaction_model,One-to-one,O(n) control
lewis_2013_multi_uv_hri_review,2013,task_environment_v0.8,interaction_model,One-to-many,O(1) control
lewis_2013_multi_uv_hri_review,2013,task_environment_v0.8,interaction_directness,Direct,
lewis_2013_multi_uv_hri_review,2013,task_environment_v0.8,communication_proximity,Remote,
lewis_2013_multi_uv_hri_review,2013,task_environment_v0.8,coordination_architecture,Distributed Coordination,O(1) swarm-based systems
lewis_2013_multi_uv_hri_review,2013,task_environment_v0.8,coordination_architecture,Strongly Centralized Coordination,planner-based and Arbiter-mediated systems
lewis_2013_multi_uv_hri_review,2013,task_environment_v0.8,computational_characteristics,Classical Geometric / Sampling-Based Control,physicomimetic/force-based swarm coordination
lewis_2013_multi_uv_hri_review,2013,task_environment_v0.8,computational_characteristics,Task-Allocation,scheduling-based aiding approaches
lewis_2013_multi_uv_hri_review,2013,task_environment_v0.8,human_involvement_level,Human-in-the-loop,manual control / MBC levels of autonomy
lewis_2013_multi_uv_hri_review,2013,task_environment_v0.8,human_involvement_level,Human-on-the-loop,MBE levels of autonomy / O(1) systems
lewis_2013_multi_uv_hri_review,2013,task_environment_v0.8,level_of_human_control_abstraction,Parametric,waypoint-based O(n) control
lewis_2013_multi_uv_hri_review,2013,task_environment_v0.8,level_of_human_control_abstraction,Goal-Oriented,O(1) region-designation/formation-goal control
lewis_2013_multi_uv_hri_review,2013,task_environment_v0.8,operational_domain,Cross-Domain,
naghsh_2008_guardians_firefighting_swarm,2008,study_type,primary,Design/Interface Concept Paper,
naghsh_2008_guardians_firefighting_swarm,2008,study_type,secondary,User Study,
naghsh_2008_guardians_firefighting_swarm,2008,study_type,setting,Lab,
naghsh_2008_guardians_firefighting_swarm,2008,study_type,measured_constructs,Other / Not Listed,
naghsh_2008_guardians_firefighting_swarm,2008,summary,template,user_study,
naghsh_2008_guardians_firefighting_swarm,2008,task_environment_v0.8,task_object_spatiotemporal_dynamics,Distributed Task Object,described firefighting application scenario
naghsh_2008_guardians_firefighting_swarm,2008,task_environment_v0.8,behavioral_relation_to_task_object,Search Task,
naghsh_2008_guardians_firefighting_swarm,2008,task_environment_v0.8,behavioral_relation_to_task_object,Avoidance Task,
naghsh_2008_guardians_firefighting_swarm,2008,task_environment_v0.8,behavioral_relation_to_task_object,Unclear / Candidate New Code,exit/scene-of-incident direction guidance
naghsh_2008_guardians_firefighting_swarm,2008,task_environment_v0.8,team_size,Multi-human - Multi-robot,
naghsh_2008_guardians_firefighting_swarm,2008,task_environment_v0.8,team_composition,Heterogeneous,robot side
naghsh_2008_guardians_firefighting_swarm,2008,task_environment_v0.8,team_composition,Heterogeneous,human side
naghsh_2008_guardians_firefighting_swarm,2008,task_environment_v0.8,interaction_model,Many-to-many,
naghsh_2008_guardians_firefighting_swarm,2008,task_environment_v0.8,interaction_directness,Direct,
naghsh_2008_guardians_firefighting_swarm,2008,task_environment_v0.8,communication_proximity,Proximate,on-field firefighter-swarm interaction
naghsh_2008_guardians_firefighting_swarm,2008,task_environment_v0.8,communication_proximity,Remote,base-station interaction
naghsh_2008_guardians_firefighting_swarm,2008,task_environment_v0.8,coordination_architecture,Hybrid Coordination,
naghsh_2008_guardians_firefighting_swarm,2008,task_environment_v0.8,computational_characteristics,Not Described,
naghsh_2008_guardians_firefighting_swarm,2008,task_environment_v0.8,human_involvement_level,Human-on-the-loop,normal autonomous swarm operation
naghsh_2008_guardians_firefighting_swarm,2008,task_environment_v0.8,human_involvement_level,Human-in-the-loop,adjustable-autonomy teleoperation override
naghsh_2008_guardians_firefighting_swarm,2008,task_environment_v0.8,level_of_human_control_abstraction,Direct,teleoperation state
naghsh_2008_guardians_firefighting_swarm,2008,task_environment_v0.8,level_of_human_control_abstraction,Goal-Oriented,policy-level control state
naghsh_2008_guardians_firefighting_swarm,2008,task_environment_v0.8,operational_domain,Land,
osga_2013_mocu_usv_hci,2013,study_type,primary,User Study,
osga_2013_mocu_usv_hci,2013,study_type,secondary,System/Architecture Paper,
osga_2013_mocu_usv_hci,2013,study_type,setting,Lab,
osga_2013_mocu_usv_hci,2013,study_type,measured_constructs,Performance,
osga_2013_mocu_usv_hci,2013,study_type,measured_constructs,Situation Awareness,
osga_2013_mocu_usv_hci,2013,study_type,measured_constructs,Other / Not Listed,
osga_2013_mocu_usv_hci,2013,summary,template,user_study,
osga_2013_mocu_usv_hci,2013,task_environment_v0.8,task_object_spatiotemporal_dynamics,Distributed Task Object,
osga_2013_mocu_usv_hci,2013,task_environment_v0.8,task_object_spatiotemporal_dynamics,Moving Task Object,
osga_2013_mocu_usv_hci,2013,task_environment_v0.8,behavioral_relation_to_task_object,Avoidance Task,collision avoidance
osga_2013_mocu_usv_hci,2013,task_environment_v0.8,behavioral_relation_to_task_object,Search Task,contact reporting
osga_2013_mocu_usv_hci,2013,task_environment_v0.8,team_size,Single-human - Single-robot,1 USV conditions
osga_2013_mocu_usv_hci,2013,task_environment_v0.8,team_size,Single-human - Multi-robot,2 USV conditions
osga_2013_mocu_usv_hci,2013,task_environment_v0.8,team_composition,Homogeneous,"robot side, 2 USV conditions"
osga_2013_mocu_usv_hci,2013,task_environment_v0.8,interaction_model,One-to-one,
osga_2013_mocu_usv_hci,2013,task_environment_v0.8,interaction_directness,Direct,
osga_2013_mocu_usv_hci,2013,task_environment_v0.8,communication_proximity,Remote,
osga_2013_mocu_usv_hci,2013,task_environment_v0.8,coordination_architecture,Not Described,2 USV conditions
osga_2013_mocu_usv_hci,2013,task_environment_v0.8,coordination_architecture,Not Applicable,1 USV conditions
osga_2013_mocu_usv_hci,2013,task_environment_v0.8,computational_characteristics,Not Described,
osga_2013_mocu_usv_hci,2013,task_environment_v0.8,human_involvement_level,Human-in-the-loop,manual control mode
osga_2013_mocu_usv_hci,2013,task_environment_v0.8,human_involvement_level,Human-on-the-loop,vector/route-following mode
osga_2013_mocu_usv_hci,2013,task_environment_v0.8,human_involvement_level,Human-in-the-loop,collision avoidance function
osga_2013_mocu_usv_hci,2013,task_environment_v0.8,level_of_human_control_abstraction,Direct,manual control mode
osga_2013_mocu_usv_hci,2013,task_environment_v0.8,level_of_human_control_abstraction,Goal-Oriented,vector/route-following mode
osga_2013_mocu_usv_hci,2013,task_environment_v0.8,operational_domain,Maritime,
paas_2022_swarm_control_cognitive_load,2022,study_type,primary,User Study,
paas_2022_swarm_control_cognitive_load,2022,study_type,secondary,System/Architecture Paper,
paas_2022_swarm_control_cognitive_load,2022,study_type,setting,Lab,
paas_2022_swarm_control_cognitive_load,2022,study_type,measured_constructs,Performance,
paas_2022_swarm_control_cognitive_load,2022,study_type,measured_constructs,Workload,
paas_2022_swarm_control_cognitive_load,2022,summary,template,user_study,
paas_2022_swarm_control_cognitive_load,2022,task_environment_v0.8,task_object_spatiotemporal_dynamics,Distributed Task Object,
paas_2022_swarm_control_cognitive_load,2022,task_environment_v0.8,behavioral_relation_to_task_object,Search Task,
paas_2022_swarm_control_cognitive_load,2022,task_environment_v0.8,team_size,Single-human - Multi-robot,
paas_2022_swarm_control_cognitive_load,2022,task_environment_v0.8,team_composition,Homogeneous,robot side
paas_2022_swarm_control_cognitive_load,2022,task_environment_v0.8,team_composition,Not Applicable,human side
paas_2022_swarm_control_cognitive_load,2022,task_environment_v0.8,interaction_model,One-to-many,group self-deployment control mode
paas_2022_swarm_control_cognitive_load,2022,task_environment_v0.8,interaction_model,One-to-one,individual waypoint control mode
paas_2022_swarm_control_cognitive_load,2022,task_environment_v0.8,interaction_directness,Direct,
paas_2022_swarm_control_cognitive_load,2022,task_environment_v0.8,communication_proximity,Proximate,
paas_2022_swarm_control_cognitive_load,2022,task_environment_v0.8,coordination_architecture,Distributed Coordination,
paas_2022_swarm_control_cognitive_load,2022,task_environment_v0.8,computational_characteristics,Not Described,
paas_2022_swarm_control_cognitive_load,2022,task_environment_v0.8,human_involvement_level,Human-in-the-loop,
paas_2022_swarm_control_cognitive_load,2022,task_environment_v0.8,level_of_human_control_abstraction,Parametric,individual waypoint control mode
paas_2022_swarm_control_cognitive_load,2022,task_environment_v0.8,level_of_human_control_abstraction,Goal-Oriented,group self-deployment control mode
paas_2022_swarm_control_cognitive_load,2022,task_environment_v0.8,operational_domain,Air,
parasuraman_2005_roboflag_delegation,2005,study_type,primary,User Study,
parasuraman_2005_roboflag_delegation,2005,study_type,secondary,Modeling/Theoretical Paper,
parasuraman_2005_roboflag_delegation,2005,study_type,setting,Simulated/Remote (incl. VR),
parasuraman_2005_roboflag_delegation,2005,study_type,measured_constructs,Performance,
parasuraman_2005_roboflag_delegation,2005,study_type,measured_constructs,Workload,
parasuraman_2005_roboflag_delegation,2005,study_type,measured_constructs,Situation Awareness,
parasuraman_2005_roboflag_delegation,2005,summary,template,user_study,
parasuraman_2005_roboflag_delegation,2005,task_environment_v0.8,task_object_spatiotemporal_dynamics,Moving Task Object,
parasuraman_2005_roboflag_delegation,2005,task_environment_v0.8,behavioral_relation_to_task_object,Engagement Task,offensive/flag-capture behavior
parasuraman_2005_roboflag_delegation,2005,task_environment_v0.8,behavioral_relation_to_task_object,Defend/Block Task,defensive/flag-protection behavior
parasuraman_2005_roboflag_delegation,2005,task_environment_v0.8,team_size,Single-human - Multi-robot,
parasuraman_2005_roboflag_delegation,2005,task_environment_v0.8,team_composition,Homogeneous,robot side
parasuraman_2005_roboflag_delegation,2005,task_environment_v0.8,interaction_model,One-to-one,individual-level control
parasuraman_2005_roboflag_delegation,2005,task_environment_v0.8,interaction_model,One-to-many,group/all-aggregation control
parasuraman_2005_roboflag_delegation,2005,task_environment_v0.8,interaction_directness,Direct,
parasuraman_2005_roboflag_delegation,2005,task_environment_v0.8,communication_proximity,Remote,
parasuraman_2005_roboflag_delegation,2005,task_environment_v0.8,coordination_architecture,Strongly Centralized Coordination,
parasuraman_2005_roboflag_delegation,2005,task_environment_v0.8,computational_characteristics,Task-Allocation,
parasuraman_2005_roboflag_delegation,2005,task_environment_v0.8,human_involvement_level,Human-in-the-loop,manual waypoint control
parasuraman_2005_roboflag_delegation,2005,task_environment_v0.8,human_involvement_level,Human-on-the-loop,play/superplay execution
parasuraman_2005_roboflag_delegation,2005,task_environment_v0.8,level_of_human_control_abstraction,Goal-Oriented,
parasuraman_2005_roboflag_delegation,2005,task_environment_v0.8,operational_domain,Not Described,
patel_2022_multi_human_multi_robot_remote_interaction,2022,study_type,primary,User Study,
patel_2022_multi_human_multi_robot_remote_interaction,2022,study_type,secondary,System/Architecture Paper,
patel_2022_multi_human_multi_robot_remote_interaction,2022,study_type,setting,Simulated/Remote (incl. VR),
patel_2022_multi_human_multi_robot_remote_interaction,2022,study_type,measured_constructs,Performance,
patel_2022_multi_human_multi_robot_remote_interaction,2022,study_type,measured_constructs,Workload,
patel_2022_multi_human_multi_robot_remote_interaction,2022,study_type,measured_constructs,Trust,
patel_2022_multi_human_multi_robot_remote_interaction,2022,study_type,measured_constructs,Situation Awareness,
patel_2022_multi_human_multi_robot_remote_interaction,2022,study_type,measured_constructs,Other / Not Listed,
patel_2022_multi_human_multi_robot_remote_interaction,2022,summary,template,user_study,
patel_2022_multi_human_multi_robot_remote_interaction,2022,task_environment_v0.9,task_object_spatiotemporal_dynamics,Known Fixed Task Object,
patel_2022_multi_human_multi_robot_remote_interaction,2022,task_environment_v0.9,behavioral_relation_to_task_object,Transport/Delivery Task,
patel_2022_multi_human_multi_robot_remote_interaction,2022,task_environment_v0.9,team_size,Multi-human - Multi-robot,
patel_2022_multi_human_multi_robot_remote_interaction,2022,task_environment_v0.9,team_composition,Homogeneous,robot side
patel_2022_multi_human_multi_robot_remote_interaction,2022,task_environment_v0.9,team_composition,Homogeneous,human side
patel_2022_multi_human_multi_robot_remote_interaction,2022,task_environment_v0.9,interaction_model,Many-to-many,
patel_2022_multi_human_multi_robot_remote_interaction,2022,task_environment_v0.9,interaction_directness,Direct,
patel_2022_multi_human_multi_robot_remote_interaction,2022,task_environment_v0.9,interaction_directness,Indirect,indirect inter-operator communication
patel_2022_multi_human_multi_robot_remote_interaction,2022,task_environment_v0.9,communication_proximity,Remote,
patel_2022_multi_human_multi_robot_remote_interaction,2022,task_environment_v0.9,coordination_architecture,Distributed Coordination,
patel_2022_multi_human_multi_robot_remote_interaction,2022,task_environment_v0.9,computational_characteristics,Predefined / Rule-Based Control,
patel_2022_multi_human_multi_robot_remote_interaction,2022,task_environment_v0.9,human_involvement_level,Human-in-the-loop,
patel_2022_multi_human_multi_robot_remote_interaction,2022,task_environment_v0.9,level_of_human_control_abstraction,Goal-Oriented,
patel_2022_multi_human_multi_robot_remote_interaction,2022,task_environment_v0.9,operational_domain,Land,
peschel_2013_uas_mission_specialist_survey,2013,study_type,primary,Meta-Review / Survey,
peschel_2013_uas_mission_specialist_survey,2013,summary,template,abstract_only,
peschel_2013_uas_mission_specialist_survey,2013,task_environment_v0.8,task_object_spatiotemporal_dynamics,Not Applicable,
peschel_2013_uas_mission_specialist_survey,2013,task_environment_v0.8,behavioral_relation_to_task_object,Search Task,aggregate across surveyed systems
peschel_2013_uas_mission_specialist_survey,2013,task_environment_v0.8,team_size,Multi-human - Single-robot,
peschel_2013_uas_mission_specialist_survey,2013,task_environment_v0.8,team_composition,Not Applicable,robot side
peschel_2013_uas_mission_specialist_survey,2013,task_environment_v0.8,team_composition,Heterogeneous,human side
peschel_2013_uas_mission_specialist_survey,2013,task_environment_v0.8,interaction_model,One-to-one,
peschel_2013_uas_mission_specialist_survey,2013,task_environment_v0.8,interaction_directness,Direct,
peschel_2013_uas_mission_specialist_survey,2013,task_environment_v0.8,communication_proximity,Proximate,micro and small UAS (onsite teams)
peschel_2013_uas_mission_specialist_survey,2013,task_environment_v0.8,communication_proximity,Remote,MALE and HALE UAS (offsite teams)
peschel_2013_uas_mission_specialist_survey,2013,task_environment_v0.8,coordination_architecture,Not Applicable,
peschel_2013_uas_mission_specialist_survey,2013,task_environment_v0.8,computational_characteristics,Not Described,
peschel_2013_uas_mission_specialist_survey,2013,task_environment_v0.8,human_involvement_level,Human-in-the-loop,micro and small UAS
peschel_2013_uas_mission_specialist_survey,2013,task_environment_v0.8,human_involvement_level,Human-on-the-loop,MALE/HALE UAS during autonomous flight segments
peschel_2013_uas_mission_specialist_survey,2013,task_environment_v0.8,level_of_human_control_abstraction,Direct,micro and small UAS hardware-based control
peschel_2013_uas_mission_specialist_survey,2013,task_environment_v0.8,level_of_human_control_abstraction,Parametric,MALE and HALE UAS software-based control
peschel_2013_uas_mission_specialist_survey,2013,task_environment_v0.8,operational_domain,Air,
ramchurn_2015_maxsum_uav_task_allocation,2015,study_type,primary,User Study,
ramchurn_2015_maxsum_uav_task_allocation,2015,study_type,secondary,System/Architecture Paper,
ramchurn_2015_maxsum_uav_task_allocation,2015,study_type,setting,Simulated/Remote (incl. VR),
ramchurn_2015_maxsum_uav_task_allocation,2015,study_type,measured_constructs,Performance,
ramchurn_2015_maxsum_uav_task_allocation,2015,study_type,measured_constructs,Workload,
ramchurn_2015_maxsum_uav_task_allocation,2015,study_type,measured_constructs,Other / Not Listed,
ramchurn_2015_maxsum_uav_task_allocation,2015,summary,template,user_study,
ramchurn_2015_maxsum_uav_task_allocation,2015,task_environment_v0.8,task_object_spatiotemporal_dynamics,Distributed Task Object,
ramchurn_2015_maxsum_uav_task_allocation,2015,task_environment_v0.8,behavioral_relation_to_task_object,Search Task,
ramchurn_2015_maxsum_uav_task_allocation,2015,task_environment_v0.8,team_size,Multi-human - Multi-robot,
ramchurn_2015_maxsum_uav_task_allocation,2015,task_environment_v0.8,team_composition,Homogeneous,robot side
ramchurn_2015_maxsum_uav_task_allocation,2015,task_environment_v0.8,team_composition,Heterogeneous,human side
ramchurn_2015_maxsum_uav_task_allocation,2015,task_environment_v0.8,interaction_model,One-to-one,Manual allocation condition
ramchurn_2015_maxsum_uav_task_allocation,2015,task_environment_v0.8,interaction_model,One-to-many,Mixed-Initiative allocation condition
ramchurn_2015_maxsum_uav_task_allocation,2015,task_environment_v0.8,interaction_directness,Direct,
ramchurn_2015_maxsum_uav_task_allocation,2015,task_environment_v0.8,interaction_directness,Indirect,Mixed-Initiative allocation condition
ramchurn_2015_maxsum_uav_task_allocation,2015,task_environment_v0.8,communication_proximity,Remote,operator-UAV channel
ramchurn_2015_maxsum_uav_task_allocation,2015,task_environment_v0.8,communication_proximity,Proximate,operator-operator channel
ramchurn_2015_maxsum_uav_task_allocation,2015,task_environment_v0.8,coordination_architecture,Distributed Coordination,
ramchurn_2015_maxsum_uav_task_allocation,2015,task_environment_v0.8,computational_characteristics,Task-Allocation,
ramchurn_2015_maxsum_uav_task_allocation,2015,task_environment_v0.8,computational_characteristics,Not Described,
ramchurn_2015_maxsum_uav_task_allocation,2015,task_environment_v0.8,human_involvement_level,Human-in-the-loop,Manual allocation condition
ramchurn_2015_maxsum_uav_task_allocation,2015,task_environment_v0.8,human_involvement_level,Human-on-the-loop,Mixed-Initiative allocation condition
ramchurn_2015_maxsum_uav_task_allocation,2015,task_environment_v0.8,level_of_human_control_abstraction,Goal-Oriented,
ramchurn_2015_maxsum_uav_task_allocation,2015,task_environment_v0.8,operational_domain,Air,
roundtree_2021_collective_visualization_transparency,2021,study_type,primary,User Study,
roundtree_2021_collective_visualization_transparency,2021,study_type,setting,Simulated/Remote (incl. VR),
roundtree_2021_collective_visualization_transparency,2021,study_type,measured_constructs,Performance,
roundtree_2021_collective_visualization_transparency,2021,study_type,measured_constructs,Workload,
roundtree_2021_collective_visualization_transparency,2021,study_type,measured_constructs,Situation Awareness,
roundtree_2021_collective_visualization_transparency,2021,study_type,measured_constructs,Other / Not Listed,
roundtree_2021_collective_visualization_transparency,2021,summary,template,user_study,
roundtree_2021_collective_visualization_transparency,2021,task_environment_v0.8,task_object_spatiotemporal_dynamics,Distributed Task Object,
roundtree_2021_collective_visualization_transparency,2021,task_environment_v0.8,behavioral_relation_to_task_object,Search Task,
roundtree_2021_collective_visualization_transparency,2021,task_environment_v0.8,team_size,Single-human - Multi-robot,
roundtree_2021_collective_visualization_transparency,2021,task_environment_v0.8,team_composition,Homogeneous,robot side
roundtree_2021_collective_visualization_transparency,2021,task_environment_v0.8,interaction_model,One-to-many,
roundtree_2021_collective_visualization_transparency,2021,task_environment_v0.8,interaction_directness,Direct,
roundtree_2021_collective_visualization_transparency,2021,task_environment_v0.8,communication_proximity,Remote,
roundtree_2021_collective_visualization_transparency,2021,task_environment_v0.8,coordination_architecture,Distributed Coordination,
roundtree_2021_collective_visualization_transparency,2021,task_environment_v0.8,computational_characteristics,Bio-Inspired / Metaheuristic Optimization Control,
roundtree_2021_collective_visualization_transparency,2021,task_environment_v0.8,human_involvement_level,Human-on-the-loop,M2 collective decision-making model
roundtree_2021_collective_visualization_transparency,2021,task_environment_v0.8,level_of_human_control_abstraction,Goal-Oriented,
roundtree_2021_collective_visualization_transparency,2021,task_environment_v0.8,operational_domain,Air,
taylor_2017_delcon_mum_t,2017,study_type,primary,User Study,
taylor_2017_delcon_mum_t,2017,study_type,setting,Lab,
taylor_2017_delcon_mum_t,2017,study_type,measured_constructs,Performance,
taylor_2017_delcon_mum_t,2017,study_type,measured_constructs,Workload,
taylor_2017_delcon_mum_t,2017,study_type,measured_constructs,Situation Awareness,
taylor_2017_delcon_mum_t,2017,summary,template,user_study,
taylor_2017_delcon_mum_t,2017,task_environment_v0.8,task_object_spatiotemporal_dynamics,Distributed Task Object,area recon and route recon missions
taylor_2017_delcon_mum_t,2017,task_environment_v0.8,task_object_spatiotemporal_dynamics,Not Applicable,point recon and target-engagement missions
taylor_2017_delcon_mum_t,2017,task_environment_v0.8,behavioral_relation_to_task_object,Search Task,area recon and route recon missions
taylor_2017_delcon_mum_t,2017,task_environment_v0.8,behavioral_relation_to_task_object,Engagement Task,target-engagement mission
taylor_2017_delcon_mum_t,2017,task_environment_v0.8,team_size,Single-human - Single-robot,1 UAS condition
taylor_2017_delcon_mum_t,2017,task_environment_v0.8,team_size,Single-human - Multi-robot,3 UAS condition
taylor_2017_delcon_mum_t,2017,task_environment_v0.8,team_composition,Heterogeneous,"robot side, 3 UAS condition"
taylor_2017_delcon_mum_t,2017,task_environment_v0.8,interaction_model,One-to-one,1 UAS condition
taylor_2017_delcon_mum_t,2017,task_environment_v0.8,interaction_model,One-to-many,"3 UAS condition, DelCon active"
taylor_2017_delcon_mum_t,2017,task_environment_v0.8,interaction_directness,Direct,
taylor_2017_delcon_mum_t,2017,task_environment_v0.8,communication_proximity,Remote,
taylor_2017_delcon_mum_t,2017,task_environment_v0.8,coordination_architecture,Strongly Centralized Coordination,3 UAS condition
taylor_2017_delcon_mum_t,2017,task_environment_v0.8,coordination_architecture,Not Applicable,1 UAS condition
taylor_2017_delcon_mum_t,2017,task_environment_v0.8,computational_characteristics,Classical Geometric / Sampling-Based Control,
taylor_2017_delcon_mum_t,2017,task_environment_v0.8,computational_characteristics,Task-Allocation,3 UAS condition
taylor_2017_delcon_mum_t,2017,task_environment_v0.8,computational_characteristics,Predefined / Rule-Based Control,
taylor_2017_delcon_mum_t,2017,task_environment_v0.8,human_involvement_level,Human-on-the-loop,DelCon mission execution function
taylor_2017_delcon_mum_t,2017,task_environment_v0.8,human_involvement_level,Human-in-the-loop,weapons-release function
taylor_2017_delcon_mum_t,2017,task_environment_v0.8,human_involvement_level,Human-on-the-loop,ATR detection/tracking function
taylor_2017_delcon_mum_t,2017,task_environment_v0.8,level_of_human_control_abstraction,Direct,manual control condition
taylor_2017_delcon_mum_t,2017,task_environment_v0.8,level_of_human_control_abstraction,Goal-Oriented,"DelCon condition, including engagement authorization"
taylor_2017_delcon_mum_t,2017,task_environment_v0.8,operational_domain,Air,
turco_2024_shared_control_swarm_teleoperation,2024,study_type,primary,User Study,
turco_2024_shared_control_swarm_teleoperation,2024,study_type,secondary,System/Architecture Paper,
turco_2024_shared_control_swarm_teleoperation,2024,study_type,setting,Simulated/Remote (incl. VR),
turco_2024_shared_control_swarm_teleoperation,2024,study_type,measured_constructs,Performance,
turco_2024_shared_control_swarm_teleoperation,2024,study_type,measured_constructs,Workload,
turco_2024_shared_control_swarm_teleoperation,2024,summary,template,user_study,
turco_2024_shared_control_swarm_teleoperation,2024,task_environment_v0.8,task_object_spatiotemporal_dynamics,Not Applicable,
turco_2024_shared_control_swarm_teleoperation,2024,task_environment_v0.8,behavioral_relation_to_task_object,Avoidance Task,
turco_2024_shared_control_swarm_teleoperation,2024,task_environment_v0.8,team_size,Multi-human - Multi-robot,dual-user data-collection phase
turco_2024_shared_control_swarm_teleoperation,2024,task_environment_v0.8,team_size,Single-human - Multi-robot,single-user shared-control evaluation phase
turco_2024_shared_control_swarm_teleoperation,2024,task_environment_v0.8,team_composition,Homogeneous,robot side
turco_2024_shared_control_swarm_teleoperation,2024,task_environment_v0.8,team_composition,Homogeneous,"human side, dual-user data-collection phase"
turco_2024_shared_control_swarm_teleoperation,2024,task_environment_v0.8,interaction_model,One-to-many,
turco_2024_shared_control_swarm_teleoperation,2024,task_environment_v0.8,interaction_directness,Direct,
turco_2024_shared_control_swarm_teleoperation,2024,task_environment_v0.8,communication_proximity,Remote,
turco_2024_shared_control_swarm_teleoperation,2024,task_environment_v0.8,coordination_architecture,Strongly Centralized Coordination,
turco_2024_shared_control_swarm_teleoperation,2024,task_environment_v0.8,computational_characteristics,Classical Geometric / Sampling-Based Control,
turco_2024_shared_control_swarm_teleoperation,2024,task_environment_v0.8,human_involvement_level,Human-in-the-loop,
turco_2024_shared_control_swarm_teleoperation,2024,task_environment_v0.8,level_of_human_control_abstraction,Direct,
turco_2024_shared_control_swarm_teleoperation,2024,task_environment_v0.8,operational_domain,Unclear / Candidate New Code,
villani_2020_affect_based_multi_robot_interaction,2020,study_type,primary,User Study,
villani_2020_affect_based_multi_robot_interaction,2020,study_type,secondary,System/Architecture Paper,
villani_2020_affect_based_multi_robot_interaction,2020,study_type,setting,Lab,
villani_2020_affect_based_multi_robot_interaction,2020,study_type,measured_constructs,Performance,
villani_2020_affect_based_multi_robot_interaction,2020,study_type,measured_constructs,Workload,
villani_2020_affect_based_multi_robot_interaction,2020,summary,template,user_study,
villani_2020_affect_based_multi_robot_interaction,2020,task_environment_v0.9,task_object_spatiotemporal_dynamics,Distributed Task Object,Experiment 3 (VR complex scenario)
villani_2020_affect_based_multi_robot_interaction,2020,task_environment_v0.9,task_object_spatiotemporal_dynamics,Known Fixed Task Object,Experiments 1 and 2 (physical e-puck robots)
villani_2020_affect_based_multi_robot_interaction,2020,task_environment_v0.9,behavioral_relation_to_task_object,Search Task,Experiment 3 (VR complex scenario)
villani_2020_affect_based_multi_robot_interaction,2020,task_environment_v0.9,behavioral_relation_to_task_object,Engagement Task,Experiment 3 (VR complex scenario)
villani_2020_affect_based_multi_robot_interaction,2020,task_environment_v0.9,behavioral_relation_to_task_object,Unclear / Candidate New Code,Experiments 1 and 2 (physical e-puck robots)
villani_2020_affect_based_multi_robot_interaction,2020,task_environment_v0.9,team_size,Single-human - Multi-robot,
villani_2020_affect_based_multi_robot_interaction,2020,task_environment_v0.9,team_composition,Homogeneous,robot side
villani_2020_affect_based_multi_robot_interaction,2020,task_environment_v0.9,team_composition,Not Applicable,human side
villani_2020_affect_based_multi_robot_interaction,2020,task_environment_v0.9,interaction_model,One-to-many,
villani_2020_affect_based_multi_robot_interaction,2020,task_environment_v0.9,interaction_model,One-to-one,
villani_2020_affect_based_multi_robot_interaction,2020,task_environment_v0.9,interaction_directness,Direct,
villani_2020_affect_based_multi_robot_interaction,2020,task_environment_v0.9,communication_proximity,Proximate,Experiments 1 and 2 (physical e-puck robots)
villani_2020_affect_based_multi_robot_interaction,2020,task_environment_v0.9,communication_proximity,Remote,Experiment 3 (VR complex scenario)
villani_2020_affect_based_multi_robot_interaction,2020,task_environment_v0.9,coordination_architecture,Distributed Coordination,
villani_2020_affect_based_multi_robot_interaction,2020,task_environment_v0.9,computational_characteristics,Predefined / Rule-Based Control,
villani_2020_affect_based_multi_robot_interaction,2020,task_environment_v0.9,human_involvement_level,Human-in-the-loop,teleoperated robot/sub-team
villani_2020_affect_based_multi_robot_interaction,2020,task_environment_v0.9,human_involvement_level,Human-on-the-loop,autonomously-exploring sub-teams
villani_2020_affect_based_multi_robot_interaction,2020,task_environment_v0.9,level_of_human_control_abstraction,Direct,teleoperation state
villani_2020_affect_based_multi_robot_interaction,2020,task_environment_v0.9,level_of_human_control_abstraction,Goal-Oriented,target-deactivation gesture (Experiment 3)
villani_2020_affect_based_multi_robot_interaction,2020,task_environment_v0.9,operational_domain,Land,Experiments 1 and 2
villani_2020_affect_based_multi_robot_interaction,2020,task_environment_v0.9,operational_domain,Air,Experiment 3 (VR complex scenario)
wattearachchi_2025_hsi_task_performance,2025,study_type,primary,User Study,
wattearachchi_2025_hsi_task_performance,2025,study_type,secondary,System/Architecture Paper,
wattearachchi_2025_hsi_task_performance,2025,study_type,setting,Simulated/Remote (incl. VR),
wattearachchi_2025_hsi_task_performance,2025,study_type,measured_constructs,Performance,
wattearachchi_2025_hsi_task_performance,2025,study_type,measured_constructs,Situation Awareness,
wattearachchi_2025_hsi_task_performance,2025,summary,template,user_study,
wattearachchi_2025_hsi_task_performance,2025,task_environment_v0.8,task_object_spatiotemporal_dynamics,Distributed Task Object,Distributed hazard condition
wattearachchi_2025_hsi_task_performance,2025,task_environment_v0.8,task_object_spatiotemporal_dynamics,Moving Task Object,Moving hazard condition
wattearachchi_2025_hsi_task_performance,2025,task_environment_v0.8,task_object_spatiotemporal_dynamics,Spreading Task Object,Spreading hazard condition
wattearachchi_2025_hsi_task_performance,2025,task_environment_v0.8,behavioral_relation_to_task_object,Avoidance Task,
wattearachchi_2025_hsi_task_performance,2025,task_environment_v0.8,team_size,Single-human - Multi-robot,
wattearachchi_2025_hsi_task_performance,2025,task_environment_v0.8,team_composition,Homogeneous,robot side
wattearachchi_2025_hsi_task_performance,2025,task_environment_v0.8,interaction_model,One-to-many,
wattearachchi_2025_hsi_task_performance,2025,task_environment_v0.8,interaction_directness,Direct,
wattearachchi_2025_hsi_task_performance,2025,task_environment_v0.8,communication_proximity,Remote,
wattearachchi_2025_hsi_task_performance,2025,task_environment_v0.8,coordination_architecture,Distributed Coordination,
wattearachchi_2025_hsi_task_performance,2025,task_environment_v0.8,computational_characteristics,Bio-Inspired / Metaheuristic Optimization Control,
wattearachchi_2025_hsi_task_performance,2025,task_environment_v0.8,human_involvement_level,Human-on-the-loop,
wattearachchi_2025_hsi_task_performance,2025,task_environment_v0.8,level_of_human_control_abstraction,Parametric,
wattearachchi_2025_hsi_task_performance,2025,task_environment_v0.8,operational_domain,Land,
williamson_2023_command_control_swarm,2023,study_type,primary,User Study,
williamson_2023_command_control_swarm,2023,study_type,secondary,System/Architecture Paper,
williamson_2023_command_control_swarm,2023,study_type,setting,Field,
williamson_2023_command_control_swarm,2023,study_type,measured_constructs,Performance,
williamson_2023_command_control_swarm,2023,study_type,measured_constructs,Other / Not Listed,
williamson_2023_command_control_swarm,2023,summary,template,user_study,
williamson_2023_command_control_swarm,2023,task_environment_v0.8,task_object_spatiotemporal_dynamics,Distributed Task Object,
williamson_2023_command_control_swarm,2023,task_environment_v0.8,behavioral_relation_to_task_object,Search Task,reconnaissance/target search
williamson_2023_command_control_swarm,2023,task_environment_v0.8,behavioral_relation_to_task_object,Engagement Task,target engagement
williamson_2023_command_control_swarm,2023,task_environment_v0.8,team_size,Multi-human - Multi-robot,
williamson_2023_command_control_swarm,2023,task_environment_v0.8,team_composition,Heterogeneous,robot side
williamson_2023_command_control_swarm,2023,task_environment_v0.8,team_composition,Heterogeneous,human side
williamson_2023_command_control_swarm,2023,task_environment_v0.8,interaction_model,One-to-many,tactic issuance
williamson_2023_command_control_swarm,2023,task_environment_v0.8,interaction_model,Many-to-many,"overall system, FX6"
williamson_2023_command_control_swarm,2023,task_environment_v0.8,interaction_directness,Direct,
williamson_2023_command_control_swarm,2023,task_environment_v0.8,communication_proximity,Remote,
williamson_2023_command_control_swarm,2023,task_environment_v0.8,coordination_architecture,Hybrid Coordination,
williamson_2023_command_control_swarm,2023,task_environment_v0.8,computational_characteristics,Task-Allocation,
williamson_2023_command_control_swarm,2023,task_environment_v0.8,computational_characteristics,Not Described,
williamson_2023_command_control_swarm,2023,task_environment_v0.8,human_involvement_level,Human-in-the-loop,tactic issuance function
williamson_2023_command_control_swarm,2023,task_environment_v0.8,human_involvement_level,Human-on-the-loop,tactic execution/monitoring function
williamson_2023_command_control_swarm,2023,task_environment_v0.8,level_of_human_control_abstraction,Goal-Oriented,tactic issuance state
williamson_2023_command_control_swarm,2023,task_environment_v0.8,level_of_human_control_abstraction,Augmented,camera navigation state
williamson_2023_command_control_swarm,2023,task_environment_v0.8,operational_domain,Cross-Domain,
yang_2025_mmf_microrobotic_swarm_teleoperation,2025,study_type,primary,User Study,
yang_2025_mmf_microrobotic_swarm_teleoperation,2025,study_type,secondary,System/Architecture Paper,
yang_2025_mmf_microrobotic_swarm_teleoperation,2025,study_type,setting,Lab,
yang_2025_mmf_microrobotic_swarm_teleoperation,2025,study_type,measured_constructs,Performance,
yang_2025_mmf_microrobotic_swarm_teleoperation,2025,study_type,measured_constructs,Workload,
yang_2025_mmf_microrobotic_swarm_teleoperation,2025,study_type,measured_constructs,Other / Not Listed,
yang_2025_mmf_microrobotic_swarm_teleoperation,2025,summary,template,user_study,
yang_2025_mmf_microrobotic_swarm_teleoperation,2025,task_environment_v0.9,task_object_spatiotemporal_dynamics,Known Fixed Task Object,
yang_2025_mmf_microrobotic_swarm_teleoperation,2025,task_environment_v0.9,behavioral_relation_to_task_object,Unclear / Candidate New Code,
yang_2025_mmf_microrobotic_swarm_teleoperation,2025,task_environment_v0.9,team_size,Single-human - Multi-robot,
yang_2025_mmf_microrobotic_swarm_teleoperation,2025,task_environment_v0.9,team_composition,Homogeneous,robot side
yang_2025_mmf_microrobotic_swarm_teleoperation,2025,task_environment_v0.9,team_composition,Not Applicable,human side
yang_2025_mmf_microrobotic_swarm_teleoperation,2025,task_environment_v0.9,interaction_model,One-to-many,
yang_2025_mmf_microrobotic_swarm_teleoperation,2025,task_environment_v0.9,interaction_directness,Direct,
yang_2025_mmf_microrobotic_swarm_teleoperation,2025,task_environment_v0.9,communication_proximity,Remote,
yang_2025_mmf_microrobotic_swarm_teleoperation,2025,task_environment_v0.9,coordination_architecture,Not Applicable,
yang_2025_mmf_microrobotic_swarm_teleoperation,2025,task_environment_v0.9,computational_characteristics,Predefined / Rule-Based Control,
yang_2025_mmf_microrobotic_swarm_teleoperation,2025,task_environment_v0.9,human_involvement_level,Human-in-the-loop,
yang_2025_mmf_microrobotic_swarm_teleoperation,2025,task_environment_v0.9,level_of_human_control_abstraction,Direct,
yang_2025_mmf_microrobotic_swarm_teleoperation,2025,task_environment_v0.9,operational_domain,Unclear / Candidate New Code,
zhou_2025_ooda_uav_swarm_hsi,2025,study_type,primary,User Study,
zhou_2025_ooda_uav_swarm_hsi,2025,study_type,secondary,System/Architecture Paper,
zhou_2025_ooda_uav_swarm_hsi,2025,study_type,setting,Lab,
zhou_2025_ooda_uav_swarm_hsi,2025,study_type,measured_constructs,Other / Not Listed,
zhou_2025_ooda_uav_swarm_hsi,2025,summary,template,user_study,
zhou_2025_ooda_uav_swarm_hsi,2025,task_environment_v0.8,task_object_spatiotemporal_dynamics,Distributed Task Object,
zhou_2025_ooda_uav_swarm_hsi,2025,task_environment_v0.8,behavioral_relation_to_task_object,Search Task,reconnaissance sub-task
zhou_2025_ooda_uav_swarm_hsi,2025,task_environment_v0.8,behavioral_relation_to_task_object,Engagement Task,strike sub-task
zhou_2025_ooda_uav_swarm_hsi,2025,task_environment_v0.8,behavioral_relation_to_task_object,Defend/Block Task,infrastructure security sub-task
zhou_2025_ooda_uav_swarm_hsi,2025,task_environment_v0.8,team_size,Single-human - Multi-robot,
zhou_2025_ooda_uav_swarm_hsi,2025,task_environment_v0.8,team_composition,Homogeneous,robot side
zhou_2025_ooda_uav_swarm_hsi,2025,task_environment_v0.8,interaction_model,One-to-many,
zhou_2025_ooda_uav_swarm_hsi,2025,task_environment_v0.8,interaction_model,One-to-one,
zhou_2025_ooda_uav_swarm_hsi,2025,task_environment_v0.8,interaction_directness,Direct,
zhou_2025_ooda_uav_swarm_hsi,2025,task_environment_v0.8,communication_proximity,Remote,
zhou_2025_ooda_uav_swarm_hsi,2025,task_environment_v0.8,coordination_architecture,Strongly Centralized Coordination,
zhou_2025_ooda_uav_swarm_hsi,2025,task_environment_v0.8,computational_characteristics,Task-Allocation,
zhou_2025_ooda_uav_swarm_hsi,2025,task_environment_v0.8,computational_characteristics,Not Described,
zhou_2025_ooda_uav_swarm_hsi,2025,task_environment_v0.8,human_involvement_level,Human-in-the-loop,manual joystick control mode
zhou_2025_ooda_uav_swarm_hsi,2025,task_environment_v0.8,human_involvement_level,Human-on-the-loop,full-sequence/stepwise dispatch modes
zhou_2025_ooda_uav_swarm_hsi,2025,task_environment_v0.8,level_of_human_control_abstraction,Goal-Oriented,task template dispatch state
zhou_2025_ooda_uav_swarm_hsi,2025,task_environment_v0.8,level_of_human_control_abstraction,Direct,manual joystick control state
zhou_2025_ooda_uav_swarm_hsi,2025,task_environment_v0.8,operational_domain,Air,
